order_id,customer_id,product_id,category,region,quantity,unit_price,order_status,order_date
ORD001,CUST001,PROD101,Electronics,South,2,499.99,COMPLETED,2026-10-01
ORD002,CUST002,PROD102,Electronics,North,1,1299.00,COMPLETED,2026-10-01
ORD003,CUST003,PROD103,Fashion,South,3,799.00,COMPLETED,2026-10-02
ORD004,CUST001,PROD104,Home,West,2,349.50,COMPLETED,2026-10-02
ORD005,CUST004,PROD101,Electronics,East,1,499.99,CANCELLED,2026-10-03
ORD006,CUST005,PROD105,Fashion,North,4,599.00,COMPLETED,2026-10-03
ORD007,CUST006,PROD106,Home,South,2,899.00,COMPLETED,2026-10-04
ORD008,CUST002,PROD102,Electronics,West,1,1299.00,COMPLETED,2026-10-04
ORD009,CUST007,PROD107,Fashion,East,2,450.00,PENDING,2026-10-05
ORD010,CUST008,PROD103,Fashion,South,1,799.00,COMPLETED,2026-10-05
ORD011,CUST009,PROD108,Home,North,3,250.00,COMPLETED,2026-10-05
ORD012,CUST010,PROD109,Electronics,West,2,999.00,COMPLETED,2026-10-06
ORD013,CUST011,PROD110,Fashion,East,2,650.00,COMPLETED,2026-10-06
ORD014,CUST012,PROD111,Home,South,1,1200.00,COMPLETED,2026-10-06
ORD015,CUST013,PROD112,Electronics,North,0,500.00,COMPLETED,2026-10-06
