transaction_id,customer_id,product_id,quantity,transaction_date,status
T001,C001,P001,2,2026-09-28,COMPLETED
T002,C002,P002,1,2026-09-28,COMPLETED
T003,C003,P003,3,2026-09-28,COMPLETED
T004,C004,P004,1,2026-09-28,CANCELLED
T005,C005,P005,2,2026-09-29,COMPLETED
T006,C001,P002,2,2026-09-29,COMPLETED
T007,C002,P006,1,2026-09-29,COMPLETED
T008,C003,P001,4,2026-09-29,COMPLETED
T009,C004,P003,0,2026-09-30,COMPLETED
T010,C005,P004,-2,2026-09-30,COMPLETED
T011,C001,P003,2,2026-09-30,COMPLETED
T012,C002,P005,1,2026-09-30,COMPLETED
T013,,P001,2,2026-09-30,COMPLETED
T014,C003,P999,1,2026-09-30,COMPLETED
